{"stats":{"minecraft:mined":{"minecraft:pink_petals":1,"minecraft:grass":1},"minecraft:custom":{"minecraft:jump":15,"minecraft:time_since_rest":247,"minecraft:leave_game":1,"minecraft:sprint_one_cm":1095,"minecraft:play_time":247,"minecraft:time_since_death":247,"minecraft:walk_one_cm":409,"minecraft:total_world_time":247,"minecraft:drop":2,"minecraft:fall_one_cm":1045,"minecraft:fly_one_cm":3452},"minecraft:dropped":{"minecraft:wheat_seeds":2},"minecraft:picked_up":{"minecraft:wheat_seeds":2}},"DataVersion":3465}