{"stats":{"minecraft:dropped":{"projectvibrantjourneys:bones":1},"minecraft:custom":{"minecraft:time_since_rest":5619,"minecraft:crouch_one_cm":171,"minecraft:sprint_one_cm":10412,"minecraft:play_time":5619,"minecraft:walk_one_cm":4433,"minecraft:sneak_time":129,"minecraft:drop":1,"minecraft:jump":88,"minecraft:leave_game":2,"minecraft:time_since_death":5619,"minecraft:total_world_time":5619,"minecraft:fall_one_cm":3878,"minecraft:fly_one_cm":24895},"minecraft:mined":{"minecraft:grass":1,"minecraft:grass_block":1,"minecraft:oak_log":3,"minecraft:dirt_path":1,"minecraft:dirt":7,"minecraft:tall_grass":1},"minecraft:crafted":{"minecraft:oak_planks":12},"minecraft:used":{"minecraft:dirt":9},"minecraft:picked_up":{"projectvibrantjourneys:bones":1,"minecraft:oak_log":3,"minecraft:dirt":9}},"DataVersion":3465}