{"stats":{"minecraft:custom":{"minecraft:jump":68,"minecraft:time_since_rest":4727,"minecraft:crouch_one_cm":330,"minecraft:sprint_one_cm":4807,"minecraft:play_time":4727,"minecraft:damage_taken":40,"minecraft:time_since_death":4727,"minecraft:walk_one_cm":5788,"minecraft:sneak_time":145,"minecraft:total_world_time":4727,"minecraft:fall_one_cm":3675,"minecraft:fly_one_cm":6051},"minecraft:picked_up":{"minecraft:spruce_log":2},"minecraft:mined":{"minecraft:spruce_log":2,"minecraft:fern":1,"minecraft:dark_oak_leaves":1},"minecraft:used":{"alexsmobs:animal_dictionary":1,"minecraft:wooden_sword":1}},"DataVersion":3465}