{"stats":{"minecraft:used":{"alexsmobs:emu_egg":1,"minecraft:dirt":1,"minecraft:sand":3,"minecraft:bread":5,"alexsmobs:animal_dictionary":1,"ancient_elements:celestium_ore":2,"marbledsarsenal:police_baton":11},"minecraft:custom":{"minecraft:time_since_rest":11852,"minecraft:open_chest":1,"minecraft:crouch_one_cm":477,"minecraft:sprint_one_cm":23422,"minecraft:play_time":11852,"minecraft:damage_taken":255,"minecraft:walk_one_cm":11152,"minecraft:sneak_time":416,"minecraft:mob_kills":5,"minecraft:jump":322,"minecraft:damage_dealt":560,"minecraft:leave_game":2,"minecraft:time_since_death":11852,"minecraft:climb_one_cm":746,"minecraft:total_world_time":11852,"minecraft:fall_one_cm":14270,"minecraft:fly_one_cm":97339},"minecraft:picked_up":{"minecraft:feather":1,"minecraft:rotten_flesh":2,"alexsmobs:emu_feather":1,"minecraft:sand":3,"alexsmobs:emu_egg":1,"minecraft:dirt":1},"minecraft:mined":{"minecraft:grass":3,"minecraft:grass_block":1,"minecraft:sand":3,"minecraft:glass":1},"minecraft:killed":{"minecraft:zombie":1,"minecraft:pig":2,"alexsmobs:emu":2}},"DataVersion":3465}