{"stats":{"minecraft:custom":{"minecraft:jump":66,"minecraft:time_since_rest":2146,"minecraft:sprint_one_cm":5158,"minecraft:play_time":2146,"minecraft:damage_taken":49,"minecraft:time_since_death":2146,"minecraft:walk_one_cm":6625,"minecraft:total_world_time":2146,"minecraft:drop":2,"minecraft:fall_one_cm":1881,"minecraft:fly_one_cm":15047,"minecraft:open_chest":1},"minecraft:dropped":{"minecraft:feather":1,"alexsmobs:emu_feather":2},"minecraft:picked_up":{"minecraft:feather":1,"alexsmobs:emu_egg":1,"alexsmobs:emu_feather":2}},"DataVersion":3465}